{
  "sample_rate": 20000000.0,
  "center_freq": 1890000000.0,
  "fft_len": 64,
  "cp_len": 16,
  "probe_rate_hz": 10000.0,
  "tx_scale": 0.7,
  "pilot_repeats_per_tx": 4,
  "frame_format": "wifi_ht20_2x2_ltf_sounding",
  "sync_tx_mode": "both",
  "tx_chain_mode": "tx0_only",
  "seed": 20260602,
  "sym_len": 80,
  "frame_len": 2000,
  "active_carriers": [
    -26,
    -25,
    -24,
    -23,
    -22,
    -21,
    -20,
    -19,
    -18,
    -17,
    -16,
    -15,
    -14,
    -13,
    -12,
    -11,
    -10,
    -9,
    -8,
    -7,
    -6,
    -5,
    -4,
    -3,
    -2,
    -1,
    1,
    2,
    3,
    4,
    5,
    6,
    7,
    8,
    9,
    10,
    11,
    12,
    13,
    14,
    15,
    16,
    17,
    18,
    19,
    20,
    21,
    22,
    23,
    24,
    25,
    26
  ],
  "digital_scale": 0.7,
  "short_training_len": 160,
  "short_training_repeats": 10,
  "long_training_cp_len": 32,
  "legacy_ltf_len": 160,
  "sync_training_len": 320,
  "ltf1_offset": 192,
  "ltf2_offset": 256,
  "mimo_ltf_matrix": [
    [
      1,
      1
    ],
    [
      1,
      -1
    ]
  ],
  "ht_ltf1_offset": 320,
  "ht_ltf2_offset": 400,
  "ht_ltf_offsets": [
    320,
    400
  ],
  "occupied_len": 480,
  "guard_len": 1520,
  "training_freq_real": [
    0.0,
    0.699999988079071,
    -0.699999988079071,
    -0.699999988079071,
    0.699999988079071,
    0.699999988079071,
    -0.699999988079071,
    0.699999988079071,
    -0.699999988079071,
    0.699999988079071,
    -0.699999988079071,
    -0.699999988079071,
    -0.699999988079071,
    -0.699999988079071,
    -0.699999988079071,
    0.699999988079071,
    0.699999988079071,
    -0.699999988079071,
    -0.699999988079071,
    0.699999988079071,
    -0.699999988079071,
    0.699999988079071,
    -0.699999988079071,
    0.699999988079071,
    0.699999988079071,
    0.699999988079071,
    0.699999988079071,
    0.0,
    0.0,
    0.0,
    0.0,
    0.0,
    0.0,
    0.0,
    0.0,
    0.0,
    0.0,
    0.0,
    0.699999988079071,
    0.699999988079071,
    -0.699999988079071,
    -0.699999988079071,
    0.699999988079071,
    0.699999988079071,
    -0.699999988079071,
    0.699999988079071,
    -0.699999988079071,
    0.699999988079071,
    0.699999988079071,
    0.699999988079071,
    0.699999988079071,
    0.699999988079071,
    0.699999988079071,
    -0.699999988079071,
    -0.699999988079071,
    0.699999988079071,
    0.699999988079071,
    -0.699999988079071,
    0.699999988079071,
    -0.699999988079071,
    0.699999988079071,
    0.699999988079071,
    0.699999988079071,
    0.699999988079071
  ],
  "training_freq_imag": [
    0.0,
    0.0,
    0.0,
    0.0,
    0.0,
    0.0,
    0.0,
    0.0,
    0.0,
    0.0,
    0.0,
    0.0,
    0.0,
    0.0,
    0.0,
    0.0,
    0.0,
    0.0,
    0.0,
    0.0,
    0.0,
    0.0,
    0.0,
    0.0,
    0.0,
    0.0,
    0.0,
    0.0,
    0.0,
    0.0,
    0.0,
    0.0,
    0.0,
    0.0,
    0.0,
    0.0,
    0.0,
    0.0,
    0.0,
    0.0,
    0.0,
    0.0,
    0.0,
    0.0,
    0.0,
    0.0,
    0.0,
    0.0,
    0.0,
    0.0,
    0.0,
    0.0,
    0.0,
    0.0,
    0.0,
    0.0,
    0.0,
    0.0,
    0.0,
    0.0,
    0.0,
    0.0,
    0.0,
    0.0
  ]
}