{
  "capture_dir": "experiments\\04_wifi_like_csi_estimation\\data\\test_rx_5s",
  "H_shape": [
    4999,
    2,
    2,
    52
  ],
  "layout": "[frame, rx, tx, active_carrier]",
  "center_freq_hz": 1800000000.0,
  "sample_rate_hz": 2000000.0,
  "probe_rate_hz": 1000.0,
  "duration_s_from_frames": 4.999,
  "active_carrier_count": 52,
  "active_carriers": [
    -26,
    -25,
    -24,
    -23,
    -22,
    -21,
    -20,
    -19,
    -18,
    -17,
    -16,
    -15,
    -14,
    -13,
    -12,
    -11,
    -10,
    -9,
    -8,
    -7,
    -6,
    -5,
    -4,
    -3,
    -2,
    -1,
    1,
    2,
    3,
    4,
    5,
    6,
    7,
    8,
    9,
    10,
    11,
    12,
    13,
    14,
    15,
    16,
    17,
    18,
    19,
    20,
    21,
    22,
    23,
    24,
    25,
    26
  ],
  "mean_amplitude_db_by_rx_tx": [
    [
      -41.317604064941406,
      -42.42374038696289
    ],
    [
      -38.94511795043945,
      -39.0119743347168
    ]
  ],
  "std_amplitude_db_by_rx_tx": [
    [
      5.544780254364014,
      5.56115198135376
    ],
    [
      5.375044345855713,
      5.37529182434082
    ]
  ],
  "mean_cfo_hz_per_rx": [
    -188.23890722023896,
    -142.01371055988602
  ],
  "std_cfo_hz_per_rx": [
    4383.886289568474,
    1638.3621582678275
  ],
  "adjacent_frame_stability": {
    "relative_complex_change_mean": 1.4120430946350098,
    "relative_complex_change_median": 1.4187946319580078,
    "relative_complex_change_p95": 1.596773099899292,
    "complex_correlation_mean": 0.18819375336170197,
    "complex_correlation_median": 0.19389232993125916,
    "complex_correlation_p05": 0.04488810431212187,
    "mean_abs_amplitude_step_db": 5.879122734069824,
    "median_abs_amplitude_step_db": 5.875934600830078,
    "p95_abs_amplitude_step_db": 6.468578767776489,
    "mean_abs_phase_step_rad": 1.5687298774719238,
    "median_abs_phase_step_rad": 1.5758132934570312,
    "p95_abs_phase_step_rad": 1.8001085638999939,
    "mean_abs_amplitude_step_db_by_rx_tx": [
      [
        5.9760518074035645,
        6.009286880493164
      ],
      [
        5.767608642578125,
        5.763547420501709
      ]
    ],
    "mean_abs_phase_step_rad_by_rx_tx": [
      [
        1.57331383228302,
        1.568603754043579
      ],
      [
        1.558638334274292,
        1.574371337890625
      ]
    ]
  },
  "sanitization_comparison": {
    "raw_complex_h": {
      "relative_complex_change_mean": 1.4120430946350098,
      "relative_complex_change_median": 1.4187946319580078,
      "relative_complex_change_p95": 1.596773099899292,
      "complex_correlation_mean": 0.18819375336170197,
      "complex_correlation_median": 0.19389232993125916,
      "complex_correlation_p05": 0.04488810431212187,
      "mean_abs_amplitude_step_db": 5.879122734069824,
      "median_abs_amplitude_step_db": 5.875934600830078,
      "p95_abs_amplitude_step_db": 6.468578767776489,
      "mean_abs_phase_step_rad": 1.5687298774719238,
      "median_abs_phase_step_rad": 1.5758132934570312,
      "p95_abs_phase_step_rad": 1.8001085638999939,
      "mean_abs_amplitude_step_db_by_rx_tx": [
        [
          5.9760518074035645,
          6.009286880493164
        ],
        [
          5.767608642578125,
          5.763547420501709
        ]
      ],
      "mean_abs_phase_step_rad_by_rx_tx": [
        [
          1.57331383228302,
          1.568603754043579
        ],
        [
          1.558638334274292,
          1.574371337890625
        ]
      ]
    },
    "linear_phase_sanitized_h": {
      "relative_complex_change_mean": 1.3884727954864502,
      "relative_complex_change_median": 1.391205906867981,
      "relative_complex_change_p95": 1.519157713651657,
      "complex_correlation_mean": 0.10142837464809418,
      "complex_correlation_median": 0.09077484160661697,
      "complex_correlation_p05": 0.022804023418575525,
      "mean_abs_amplitude_step_db": 5.879122734069824,
      "median_abs_amplitude_step_db": 5.875934600830078,
      "p95_abs_amplitude_step_db": 6.468578767776489,
      "mean_abs_phase_step_rad": 1.5314792394638062,
      "median_abs_phase_step_rad": 1.5372371673583984,
      "p95_abs_phase_step_rad": 1.6750560343265533,
      "mean_abs_amplitude_step_db_by_rx_tx": [
        [
          5.9760518074035645,
          6.009286880493164
        ],
        [
          5.767608642578125,
          5.763547420501709
        ]
      ],
      "mean_abs_phase_step_rad_by_rx_tx": [
        [
          1.5552103519439697,
          1.5759227275848389
        ],
        [
          1.4899379014968872,
          1.5048431158065796
        ]
      ]
    },
    "amplitude_only_abs_h": {
      "relative_complex_change_mean": 0.63725745677948,
      "relative_complex_change_median": 0.6344823837280273,
      "relative_complex_change_p95": 0.7042798697948455,
      "complex_correlation_mean": 0.7993655204772949,
      "complex_correlation_median": 0.7999824285507202,
      "complex_correlation_p05": 0.7664332747459411,
      "mean_abs_amplitude_step_db": 5.879122734069824,
      "median_abs_amplitude_step_db": 5.875934600830078,
      "p95_abs_amplitude_step_db": 6.468578767776489,
      "mean_abs_phase_step_rad": 0.0,
      "median_abs_phase_step_rad": 0.0,
      "p95_abs_phase_step_rad": 0.0,
      "mean_abs_amplitude_step_db_by_rx_tx": [
        [
          5.9760518074035645,
          6.009286880493164
        ],
        [
          5.767608642578125,
          5.763547420501709
        ]
      ],
      "mean_abs_phase_step_rad_by_rx_tx": [
        [
          0.0,
          0.0
        ],
        [
          0.0,
          0.0
        ]
      ]
    }
  },
  "smoothed_mean_amplitude_stability": {
    "1": {
      "mean_step_db": 0.9983848929405212,
      "median_step_db": 0.8198204040527344,
      "p95_step_db": 2.5116870880126956,
      "mean_std_over_time_db": 0.9062212705612183
    },
    "5": {
      "mean_step_db": 0.19915064440090566,
      "median_step_db": 0.1651958465576122,
      "p95_step_db": 0.4999267578124993,
      "mean_std_over_time_db": 0.4420262514278854
    },
    "10": {
      "mean_step_db": 0.1000870232305873,
      "median_step_db": 0.08309669494628835,
      "p95_step_db": 0.2518692016601527,
      "mean_std_over_time_db": 0.34297178829165614
    },
    "20": {
      "mean_step_db": 0.05013467058356829,
      "median_step_db": 0.041338062286378374,
      "p95_step_db": 0.12604870796203294,
      "mean_std_over_time_db": 0.27538885766640364
    },
    "50": {
      "mean_step_db": 0.020419605433952912,
      "median_step_db": 0.01692237854003764,
      "p95_step_db": 0.05139240264892564,
      "mean_std_over_time_db": 0.20584172257998937
    },
    "100": {
      "mean_step_db": 0.010132240619336225,
      "median_step_db": 0.008391799926755539,
      "p95_step_db": 0.02567079544067674,
      "mean_std_over_time_db": 0.15256403233006194
    }
  }
}